{"stats":{"minecraft:custom":{"minecraft:jump":89,"minecraft:time_since_rest":3863,"minecraft:leave_game":1,"minecraft:crouch_one_cm":444,"minecraft:play_one_minute":3863,"minecraft:damage_taken":20,"minecraft:sprint_one_cm":9340,"minecraft:walk_on_water_one_cm":251,"minecraft:time_since_death":3863,"minecraft:walk_one_cm":9572,"minecraft:sneak_time":99,"minecraft:fall_one_cm":2877,"minecraft:fly_one_cm":8855},"minecraft:picked_up":{"minecraft:dirt":1},"minecraft:used":{"minecraft:dirt":1},"minecraft:mined":{"minecraft:grass_block":1,"minecraft:birch_leaves":1,"minecraft:oak_leaves":4}},"DataVersion":2586}